Workbook

Sheet 01_Tong_Quan_De_Tai
A1: TRƯỜNG ĐẠI HỌC FPT — HỌC PHẦN XÁC SUẤT & THỐNG KÊ (MAS291)
A2: COMPUTER PROJECT — ĐỀ TÀI 1: PHÂN TÍCH MỐI LIÊN HỆ ĐIỂM GIỮA KỲ VÀ CUỐI KỲ
A3: BẢNG TÍNH THỐNG KÊ TỔNG HỢP VÀ DỮ LIỆU ĐÍNH KÈM CHÍNH THỨC
A5: Thông tin chung: | B5: Lớp học phần: MAS291 | Nhóm thực hiện: Nhóm 1 | Giảng viên hướng dẫn: nhannxv
A6: Câu hỏi nghiên cứu: | B6: Điểm thi giữa kỳ (X) có giúp dự đoán điểm bài thi cuối kỳ (Y) của sinh viên trong cùng một học phần hay không?
A8: Đường dẫn trực tuyến: | B8: Ứng dụng tương tác Streamlit Cloud: https://masproject.streamlit.app
B9: Kho lưu trữ mã nguồn GitHub: https://github.com/hieune321/mas-project-topic1
A11: DANH SÁCH THÀNH VIÊN VÀ PHÂN CÔNG ĐÓNG GÓP (100% CÁC THÀNH VIÊN)
A12: STT | B12: Họ và tên | C12: Mã số sinh viên | D12: Vai trò | E12: Đóng góp (%) | F12: Nhiệm vụ chính đảm nhiệm
A13: 1 | B13: Mai Xuân Hiếu | C13: DE200199 | D13: Thành viên | E13: 100% | F13: Thu thập dữ liệu khảo sát ẩn danh, kiểm tra tính hợp lệ, thiết kế quy chuẩn làm sạch dữ liệu và định dạng báo cáo (Câu 1, 2)
A14: 2 | B14: Phan Dương Sinh | C14: DE200235 | D14: Thành viên | E14: 100% | F14: Xử lý thống kê mô tả, tính toán độ tập trung, độ phân tán và vẽ biểu đồ phân phối Histogram & Boxplot (Câu 3, 4)
A15: 3 | B15: Võ Ngọc Minh Quân | C15: DE200080 | D15: Nhóm trưởng | E15: 100% | F15: Nhóm trưởng: Quản lý tiến độ dự án, tổ chức phân công, xây dựng kiến trúc mã nguồn Python & Streamlit, ước lượng tương quan Pearson & OLS (Câu 5, 6, 7)
A16: 4 | B16: Vũ Hữu Thái | C16: DE200132 | D16: Thành viên | E16: 100% | F16: Ước lượng mô hình hồi quy OLS, đánh giá R², sai số chuẩn s, thực hiện chẩn đoán giả định mô hình phần dư (Câu 6, 7, 8)
A17: 5 | B17: Nguyễn Hữu Hoàng Thắng | C17: DE200281 | D17: Thành viên | E17: 100% | F17: Xây dựng khoảng tin cậy 95% cho trung bình và hệ số góc, kiểm định giả thuyết t một mẫu và hai phía (Câu 9, 10, 11, 12)
A18: 6 | B18: Trần Đức Duy | C18: DE180206 | D18: Thành viên | E18: 100% | F18: Thực hiện câu hỏi riêng 1A (dự đoán tại X=6, X=8) và 1B (phân tích giới hạn mô hình, biến số bị bỏ sót), tổng kết báo cáo

Sheet 02_Tu_Dien_Du_Lieu
A1: BẢNG TỪ ĐIỂN DỮ LIỆU (DATA DICTIONARY) — MAS291 ĐỀ TÀI 1
A2: Giải thích định nghĩa, kiểu dữ liệu, thang đo, đơn vị và nguồn dữ liệu khảo sát
A4: Tên biến (Header) | B4: Tên hiển thị tiếng Việt | C4: Kiểu dữ liệu | D4: Thang đo | E4: Đơn vị / Miền giá trị | F4: Nguồn / Cách thu thập | G4: Mô tả học thuật chi tiết
A5: student_id | B5: Mã ẩn danh sinh viên | C5: Chuỗi ký tự (String) | D5: Định danh (Nominal) | E5: Mã ẩn danh (S01, S02... / Nickname) | F5: Khảo sát sinh viên FPTU | G5: Mã hóa để bảo mật thông tin cá nhân (PII), mỗi dòng tương ứng một sinh viên độc lập.
A6: midterm_score | B6: Điểm thi giữa kỳ (Biến X) | C6: Số thực (Float) | D6: Khoảng/Tỉ lệ (Ratio) | E6: Điểm (0.0 đến 10.0) | F6: Khảo sát tự khai báo của SV | G6: Biến độc lập (dự đoán). Kết quả thi giữa kỳ của cùng học phần Xác suất Thống kê trong kỳ.
A7: final_score | B7: Điểm bài thi cuối kỳ (Biến Y) | C7: Số thực (Float) | D7: Khoảng/Tỉ lệ (Ratio) | E7: Điểm (0.0 đến 10.0) | F7: Khảo sát tự khai báo của SV | G7: Biến phụ thuộc (cần dự đoán). Điểm bài thi kết thúc học phần, KHÔNG bao gồm điểm quá trình.
A8: exam_difficulty | B8: Độ khó đề thi cuối kỳ so với giữa kỳ | C8: Chuỗi phân loại (Categorical) | D8: Thứ bậc (Ordinal) | E8: Dễ hơn / Tương đương / Khó hơn | F8: Khảo sát sinh viên FPTU | G8: Biến ngữ cảnh định tính phục vụ phân tích giới hạn mô hình (Câu 1B) và kiểm soát thiên lệch.
A9: study_effort | B9: Mức độ nỗ lực tự học sau giữa kỳ | C9: Số nguyên (Integer) | D9: Thứ bậc (Ordinal / Likert 1-5) | E9: Thang đo 1 (Rất thấp) đến 5 (Rất cao) | F9: Khảo sát sinh viên FPTU | G9: Biến kiểm soát hành vi học tập, giải thích hiệu ứng hồi quy về giá trị trung bình sau giữa kỳ.

Sheet 03_Du_Lieu_Goc_Raw
A1: TẬP DỮ LIỆU THU THẬP BAN ĐẦU (RAW DATA — ANONYMIZED, NO PII)
A2: Tổng số phiếu thu thập: 35 phản hồi (Đã ẩn danh danh tính cá nhân theo chuẩn FPTU)
A4: STT | B4: Mã ẩn danh | C4: Học phần / Lớp | D4: Điểm giữa kỳ (X) | E4: Điểm cuối kỳ (Y) | F4: Độ khó đề thi | G4: Nỗ lực tự học (1-5) | H4: Đồng ý chia sẻ | I4: Trạng thái thẩm định
A5: 1 | B5: S01 | C5: MAS291 | D5: 0 | E5: 0 | H5: Đồng ý | I5: Hợp lệ (Đưa vào phân tích OLS)
A6: 2 | B6: S02 | C6: MAS291 | D6: 0 | E6: 0 | H6: Đồng ý | I6: Hợp lệ (Đưa vào phân tích OLS)
A7: 3 | B7: S03 | C7: MAS291 | D7: 0 | E7: 0 | H7: Đồng ý | I7: Hợp lệ (Đưa vào phân tích OLS)
A8: 4 | B8: S04 | C8: MAS291 | D8: 0 | E8: 0 | H8: Đồng ý | I8: Hợp lệ (Đưa vào phân tích OLS)
A9: 5 | B9: S05 | C9: MAS291 | D9: 0 | E9: 0 | H9: Đồng ý | I9: Hợp lệ (Đưa vào phân tích OLS)
A10: 6 | B10: S06 | C10: MAS291 | D10: 0 | E10: 0 | H10: Đồng ý | I10: Hợp lệ (Đưa vào phân tích OLS)
A11: 7 | B11: S07 | C11: MAS291 | D11: 0 | E11: 0 | H11: Đồng ý | I11: Hợp lệ (Đưa vào phân tích OLS)
A12: 8 | B12: S08 | C12: MAS291 | D12: 0 | E12: 0 | H12: Đồng ý | I12: Hợp lệ (Đưa vào phân tích OLS)
A13: 9 | B13: S09 | C13: MAS291 | D13: 0 | E13: 0 | H13: Đồng ý | I13: Hợp lệ (Đưa vào phân tích OLS)
A14: 10 | B14: S10 | C14: MAS291 | D14: 0 | E14: 0 | H14: Đồng ý | I14: Hợp lệ (Đưa vào phân tích OLS)
A15: 11 | B15: S11 | C15: MAS291 | D15: 0 | E15: 0 | H15: Đồng ý | I15: Hợp lệ (Đưa vào phân tích OLS)
A16: 12 | B16: S12 | C16: MAS291 | D16: 0 | E16: 0 | H16: Đồng ý | I16: Hợp lệ (Đưa vào phân tích OLS)
... A39: 35 | B39: S35 | C39: MAS291 | D39: 0 | E39: 0 | H39: Đồng ý | I39: LOẠI: Trùng lặp sinh viên (de200125 đã nộp trước)

Sheet 04_Du_Lieu_Sach_Cleaned
A1: TẬP DỮ LIỆU ĐÃ LÀM SẠCH VÀ BẢNG TÍNH TRUNG GIAN OLS (N = 32)
A2: Mỗi hàng là một cặp điểm độc lập của cùng một sinh viên. Chứa công thức độ lệch và phần dư OLS
A4: STT | B4: Mã ẩn danh (ID) | C4: Điểm giữa kỳ (X) | D4: Điểm cuối kỳ (Y) | E4: (X - X̄) | F4: (Y - Ȳ) | G4: (X - X̄)² | H4: (Y - Ȳ)² | I4: (X - X̄)(Y - Ȳ) | J4: Dự đoán Ŷ | K4: Phần dư e = Y - Ŷ | L4: e² (Bình phương phần dư)
A5: 1 | B5: DE200125 | C5: 8 | D5: 7.9 | E5: =C5-AVERAGE(C$5:C$36) | F5: =D5-AVERAGE(D$5:D$36) | G5: =E5^2 | H5: =F5^2 | I5: =E5*F5 | J5: =INTERCEPT(D$5:D$36,C$5:C$36)+SLOPE(D$5:D$36,C$5:C$36)*C5 | K5: =D5-J5 | L5: =K5^2
A6: 2 | B6: DE200377 | C6: 8 | D6: 8 | E6: =C6-AVERAGE(C$5:C$36) | F6: =D6-AVERAGE(D$5:D$36) | G6: =E6^2 | H6: =F6^2 | I6: =E6*F6 | J6: =INTERCEPT(D$5:D$36,C$5:C$36)+SLOPE(D$5:D$36,C$5:C$36)*C6 | K6: =D6-J6 | L6: =K6^2
A7: 3 | B7: 0136 | C7: 8 | D7: 8 | E7: =C7-AVERAGE(C$5:C$36) | F7: =D7-AVERAGE(D$5:D$36) | G7: =E7^2 | H7: =F7^2 | I7: =E7*F7 | J7: =INTERCEPT(D$5:D$36,C$5:C$36)+SLOPE(D$5:D$36,C$5:C$36)*C7 | K7: =D7-J7 | L7: =K7^2
A8: 4 | B8: Su | C8: 9 | D8: 8 | E8: =C8-AVERAGE(C$5:C$36) | F8: =D8-AVERAGE(D$5:D$36) | G8: =E8^2 | H8: =F8^2 | I8: =E8*F8 | J8: =INTERCEPT(D$5:D$36,C$5:C$36)+SLOPE(D$5:D$36,C$5:C$36)*C8 | K8: =D8-J8 | L8: =K8^2
A9: 5 | B9: TTL | C9: 5 | D9: 6 | E9: =C9-AVERAGE(C$5:C$36) | F9: =D9-AVERAGE(D$5:D$36) | G9: =E9^2 | H9: =F9^2 | I9: =E9*F9 | J9: =INTERCEPT(D$5:D$36,C$5:C$36)+SLOPE(D$5:D$36,C$5:C$36)*C9 | K9: =D9-J9 | L9: =K9^2
A10: 6 | B10: 0019 | C10: 6.8 | D10: 7 | E10: =C10-AVERAGE(C$5:C$36) | F10: =D10-AVERAGE(D$5:D$36) | G10: =E10^2 | H10: =F10^2 | I10: =E10*F10 | J10: =INTERCEPT(D$5:D$36,C$5:C$36)+SLOPE(D$5:D$36,C$5:C$36)*C10 | K10: =D10-J10 | L10: =K10^2
A11: 7 | B11: 0025-Rin | C11: 8 | D11: 6.5 | E11: =C11-AVERAGE(C$5:C$36) | F11: =D11-AVERAGE(D$5:D$36) | G11: =E11^2 | H11: =F11^2 | I11: =E11*F11 | J11: =INTERCEPT(D$5:D$36,C$5:C$36)+SLOPE(D$5:D$36,C$5:C$36)*C11 | K11: =D11-J11 | L11: =K11^2
A12: 8 | B12: DE180206 | C12: 7 | D12: 7 | E12: =C12-AVERAGE(C$5:C$36) | F12: =D12-AVERAGE(D$5:D$36) | G12: =E12^2 | H12: =F12^2 | I12: =E12*F12 | J12: =INTERCEPT(D$5:D$36,C$5:C$36)+SLOPE(D$5:D$36,C$5:C$36)*C12 | K12: =D12-J12 | L12: =K12^2
A13: 9 | B13: 0223 | C13: 7.5 | D13: 8.5 | E13: =C13-AVERAGE(C$5:C$36) | F13: =D13-AVERAGE(D$5:D$36) | G13: =E13^2 | H13: =F13^2 | I13: =E13*F13 | J13: =INTERCEPT(D$5:D$36,C$5:C$36)+SLOPE(D$5:D$36,C$5:C$36)*C13 | K13: =D13-J13 | L13: =K13^2
A14: 10 | B14: 0379 | C14: 6.8 | D14: 6.5 | E14: =C14-AVERAGE(C$5:C$36) | F14: =D14-AVERAGE(D$5:D$36) | G14: =E14^2 | H14: =F14^2 | I14: =E14*F14 | J14: =INTERCEPT(D$5:D$36,C$5:C$36)+SLOPE(D$5:D$36,C$5:C$36)*C14 | K14: =D14-J14 | L14: =K14^2
A15: 11 | B15: Kkkkk | C15: 7 | D15: 6 | E15: =C15-AVERAGE(C$5:C$36) | F15: =D15-AVERAGE(D$5:D$36) | G15: =E15^2 | H15: =F15^2 | I15: =E15*F15 | J15: =INTERCEPT(D$5:D$36,C$5:C$36)+SLOPE(D$5:D$36,C$5:C$36)*C15 | K15: =D15-J15 | L15: =K15^2
A16: 12 | B16: Thonaucutephomaique | C16: 9.5 | D16: 9 | E16: =C16-AVERAGE(C$5:C$36) | F16: =D16-AVERAGE(D$5:D$36) | G16: =E16^2 | H16: =F16^2 | I16: =E16*F16 | J16: =INTERCEPT(D$5:D$36,C$5:C$36)+SLOPE(D$5:D$36,C$5:C$36)*C16 | K16: =D16-J16 | L16: =K16^2
... A36: 32 | B36: Kakak | C36: 7 | D36: 6 | E36: =C36-AVERAGE(C$5:C$36) | F36: =D36-AVERAGE(D$5:D$36) | G36: =E36^2 | H36: =F36^2 | I36: =E36*F36 | J36: =INTERCEPT(D$5:D$36,C$5:C$36)+SLOPE(D$5:D$36,C$5:C$36)*C36 | K36: =D36-J36 | L36: =K36^2
A37: TỔNG | C37: =SUM(C5:C36) | D37: =SUM(D5:D36) | E37: =SUM(E5:E36) | F37: =SUM(F5:F36) | G37: =SUM(G5:G36) | H37: =SUM(H5:H36) | I37: =SUM(I5:I36) | J37: =SUM(J5:J36) | ... L37: =SUM(L5:L36)
A38: TRUNG BÌNH | C38: =AVERAGE(C5:C36) | D38: =AVERAGE(D5:D36) | G38: =AVERAGE(G5:G36) | H38: =AVERAGE(H5:H36)

Sheet 05_Thong_Ke_Mo_Ta
A1: BẢNG THỐNG KÊ MÔ TẢ ĐẦY ĐỦ VỚI CÔNG THỨC EXCEL (CÂU 3)
A2: Tất cả các chỉ số đều được tính động bằng công thức Excel từ sheet 04_Du_Lieu_Sach_Cleaned
A4: STT | B4: Chỉ số thống kê | C4: Ký hiệu | D4: Điểm Giữa kỳ (X) | E4: Điểm Cuối kỳ (Y) | F4: Công thức Excel sử dụng | G4: Ý nghĩa và diễn giải học thuật
A5: 1 | B5: Cỡ mẫu hợp lệ | C5: n | D5: =COUNT('04_Du_Lieu_Sach_Cleaned'!C5:C36) | E5: =COUNT('04_Du_Lieu_Sach_Cleaned'!D5:D36) | F5: =COUNT(range) | G5: Số quan sát độc lập hợp lệ đưa vào nghiên cứu (thỏa n ≥ 30).
A6: 2 | B6: Điểm trung bình (Mean) | C6: X̄, Ȳ | D6: =AVERAGE('04_Du_Lieu_Sach_Cleaned'!C5:C36) | E6: =AVERAGE('04_Du_Lieu_Sach_Cleaned'!D5:D36) | F6: =AVERAGE(range) | G6: Thước đo xu hướng trung tâm trọng số.
A7: 3 | B7: Độ lệch chuẩn mẫu (Std Dev) | C7: s | D7: =STDEV.S('04_Du_Lieu_Sach_Cleaned'!C5:C36) | E7: =STDEV.S('04_Du_Lieu_Sach_Cleaned'!D5:D36) | F7: =STDEV.S(range) | G7: Mức độ phân tán điển hình quanh giá trị trung bình (hiệu chỉnh n - 1).
A8: 4 | B8: Phương sai mẫu (Sample Variance) | C8: s² | D8: =VAR.S('04_Du_Lieu_Sach_Cleaned'!C5:C36) | E8: =VAR.S('04_Du_Lieu_Sach_Cleaned'!D5:D36) | F8: =VAR.S(range) | G8: Bình phương độ lệch chuẩn.
A9: 5 | B9: Trung vị (Median) | C9: Q2 | D9: =MEDIAN('04_Du_Lieu_Sach_Cleaned'!C5:C36) | E9: =MEDIAN('04_Du_Lieu_Sach_Cleaned'!D5:D36) | F9: =MEDIAN(range) | G9: Điểm chia đôi tập dữ liệu (vững trước ngoại lệ hơn Mean).
A10: 6 | B10: Tứ phân vị thứ nhất (Q1) | C10: Q1 | D10: =QUARTILE.INC('04_Du_Lieu_Sach_Cleaned'!C5:C36, 1) | E10: =QUARTILE.INC('04_Du_Lieu_Sach_Cleaned'!D5:D36, 1) | F10: =QUARTILE.INC(range, 1) | G10: 25% sinh viên đạt điểm số từ ngưỡng này trở xuống.
A11: 7 | B11: Tứ phân vị thứ ba (Q3) | C11: Q3 | D11: =QUARTILE.INC('04_Du_Lieu_Sach_Cleaned'!C5:C36, 3) | E11: =QUARTILE.INC('04_Du_Lieu_Sach_Cleaned'!D5:D36, 3) | F11: =QUARTILE.INC(range, 3) | G11: 75% sinh viên đạt điểm số từ ngưỡng này trở xuống.
A12: 8 | B12: Khoảng tứ phân vị (IQR) | C12: IQR | D12: =D10-D9 | E12: =E10-E9 | F12: =Q3 - Q1 | G12: Thước đo độ phân tán của 50% quan sát trung tâm.
A13: 9 | B13: Điểm số nhỏ nhất (Minimum) | C13: Min | D13: =MIN('04_Du_Lieu_Sach_Cleaned'!C5:C36) | E13: =MIN('04_Du_Lieu_Sach_Cleaned'!D5:D36) | F13: =MIN(range) | G13: Điểm thấp nhất ghi nhận trong đợt khảo sát.
A14: 10 | B14: Điểm số lớn nhất (Maximum) | C14: Max | D14: =MAX('04_Du_Lieu_Sach_Cleaned'!C5:C36) | E14: =MAX('04_Du_Lieu_Sach_Cleaned'!D5:D36) | F14: =MAX(range) | G14: Điểm cao nhất ghi nhận trong đợt khảo sát.
A15: 11 | B15: Khoảng biến thiên (Range) | C15: Range | D15: =D13-D12 | E15: =E13-E12 | F15: =Max - Min | G15: Chênh lệch tuyệt đối giữa điểm cao nhất và thấp nhất.
A16: 12 | B16: Sai số chuẩn của trung bình | C16: SE(Mean) | D16: =D6/SQRT(D4) | E16: =E6/SQRT(E4) | F16: =s / SQRT(n) | G16: Độ biến thiên ước lượng của trung bình mẫu quanh trung bình tổng thể.
A17: 13 | B17: Hàng rào dưới ngoại lệ 1.5 IQR | C17: Lower Fence | D17: =D9-1.5*D11 | E17: =E9-1.5*E11 | F17: =Q1 - 1.5*IQR | G17: Ngưỡng phát hiện điểm bất thường thấp (không có điểm nào vi phạm).
A18: 14 | B18: Hàng rào trên ngoại lệ 1.5 IQR | C18: Upper Fence | D18: =D10+1.5*D11 | E18: =E10+1.5*E11 | F18: =Q3 + 1.5*IQR | G18: Ngưỡng phát hiện điểm bất thường cao (không có điểm nào vi phạm).

Sheet 06_Hoi_Quy_OLS
A1: ƯỚC LƯỢNG HỒI QUY TUYẾN TÍNH OLS & BẢNG ANOVA (CÂU 5, 6, 7)
A2: Phương trình hồi quy OLS: Ŷ = b0 + b1 * X. Tính toán hoàn toàn bằng công thức Excel gốc
A4: Chỉ số hồi quy OLS | B4: Ký hiệu | C4: Giá trị tính toán | D4: Công thức Excel | E4: Ý nghĩa học thuật và diễn giải kết quả
A5: Hệ số tương quan Pearson | B5: r | C5: =CORREL('04_Du_Lieu_Sach_Cleaned'!C5:C36, '04_Du_Lieu_Sach_Cleaned'!D5:D36) | D5: =CORREL(X_range, Y_range) | E5: Mối quan hệ tuyến tính đồng biến mức độ trung bình-khá.
A6: Hệ số góc hồi quy | B6: b1 | C6: =SLOPE('04_Du_Lieu_Sach_Cleaned'!D5:D36, '04_Du_Lieu_Sach_Cleaned'!C5:C36) | D6: =SLOPE(Y_range, X_range) | E6: Khi điểm giữa kỳ tăng 1.0 điểm, điểm cuối kỳ dự đoán tăng trung bình ~0.500 điểm.
A7: Hệ số chặn hồi quy | B7: b0 | C7: =INTERCEPT('04_Du_Lieu_Sach_Cleaned'!D5:D36, '04_Du_Lieu_Sach_Cleaned'!C5:C36) | D7: =INTERCEPT(Y_range, X_range) | E7: Giá trị định vị đường hồi quy trên đồ thị (tại X = 0).
A8: Hệ số xác định | B8: R² | C8: =RSQ('04_Du_Lieu_Sach_Cleaned'!D5:D36, '04_Du_Lieu_Sach_Cleaned'!C5:C36) | D8: =RSQ(Y_range, X_range) | E8: Điểm giữa kỳ giải thích được 24.5% sự biến thiên của điểm thi cuối kỳ.
A9: Tổng bình phương lệch X | B9: Sxx | C9: =DEVSQ('04_Du_Lieu_Sach_Cleaned'!C5:C36) | D9: =DEVSQ(X_range) | E9: Độ biến thiên toàn phần của biến độc lập X.
A10: Tổng bình phương lệch Y | B10: Syy | C10: =DEVSQ('04_Du_Lieu_Sach_Cleaned'!D5:D36) | D10: =DEVSQ(Y_range) | E10: Độ biến thiên toàn phần của biến phụ thuộc Y (SST).
A11: Tổng bình phương hồi quy | B11: SSR | C11: =C6^2*C9 | D11: =b1^2 * Sxx | E11: Mức biến thiên được giải thích bởi mô hình hồi quy OLS.
A12: Tổng bình phương sai số | B12: SSE | C12: =C10-C11 | D12: =SST - SSR | E12: Mức biến thiên chưa được giải thích (do yếu tố ngẫu nhiên / ngoài mô hình).
A13: Bậc tự do phần dư | B13: df_res | C13: ='05_Thong_Ke_Mo_Ta'!D5-2 | D13: =n - 2 | E13: Số bậc tự do cho ước lượng sai số hồi quy (df = 30).
A14: Sai số chuẩn của hồi quy | B14: s | C14: =SQRT(C12/C13) | D14: =SQRT(SSE / df_res) | E14: Độ phân tán điển hình của điểm thực tế quanh đường hồi quy (~0.768 điểm).
A15: Sai số chuẩn của hệ số góc | B15: SE(b1) | C15: =C14/SQRT(C9) | D15: =s / SQRT(Sxx) | E15: Độ tin cậy của ước lượng hệ số góc (~0.160).
A16: Sai số chuẩn của hệ số chặn | B16: SE(b0) | C16: =C14*SQRT(1/'05_Thong_Ke_Mo_Ta'!D5 + '05_Thong_Ke_Mo_Ta'!D6^2 / C9) | D16: =s*SQRT(1/n + X_bar^2/Sxx) | E16: Độ tin cậy của ước lượng hệ số chặn (~1.205).
A17: Thống kê t cho hệ số góc b1 | B17: t_b1 | C17: =C6/C15 | D17: =b1 / SE(b1) | E17: Kiểm định ý nghĩa thống kê của hệ số góc (t = 3.120).
A18: p-value của hệ số góc (2 phía) | B18: p_val | C18: =T.DIST.2T(ABS(C17), C13) | D18: =T.DIST.2T(ABS(t), df) | E18: p-value = 0.0039 < 0.05 -> Bác bỏ H0, mối quan hệ có ý nghĩa thống kê cao.
A21: BẢNG PHÂN TÍCH BIẾN THIÊN ANOVA CHO MÔ HÌNH HỒI QUY
A22: Nguồn biến thiên | B22: Bậc tự do (df) | C22: Tổng bình phương (SS) | D22: Trung bình bình phương (MS) | E22: Thống kê F | F22: p-value (F)
A23: Hồi quy (Regression) | B23: 1 | C23: =C11 | D23: =C23/B23 | E23: =D23/D24 | F23: =F.DIST.RT(E23, B23, B24)
A24: Phần dư (Residual/Error) | B24: =C13 | C24: =C12 | D24: =C24/B24
A25: Tổng cộng (Total) | B25: =B23+B24 | C25: =C23+C24

Sheet 07_Khoang_Tin_Cay_Va_Kiem_Dinh
A1: KHOẢNG TIN CẬY 95% VÀ KIỂM ĐỊNH GIẢ THUYẾT (CÂU 9, 10, 11, 12)
A2: Sử dụng phân phối Student t hai phía và một phía với bậc tự do chính xác
A4: I. ƯỚC LƯỢNG VÀ KIỂM ĐỊNH CHO ĐIỂM CUỐI KỲ TRUNG BÌNH μ_Y (CÂU 9 & CÂU 10)
A5: Chỉ số | B5: Ký hiệu | C5: Giá trị tính toán | D5: Công thức Excel | E5: Diễn giải ý nghĩa học thuật
A6: Trung bình mẫu Điểm cuối kỳ | B6: Ȳ | C6: ='05_Thong_Ke_Mo_Ta'!E6 | D6: ='05_Thong_Ke_Mo_Ta'!E6 | E6: Ước lượng điểm của trung bình tổng thể.
A7: Độ lệch chuẩn mẫu Điểm cuối kỳ | B7: s_Y | C7: ='05_Thong_Ke_Mo_Ta'!E7 | D7: ='05_Thong_Ke_Mo_Ta'!E7 | E7: Độ biến thiên mẫu.
A8: Sai số chuẩn của trung bình | B8: SE(Ȳ) | C8: =C7/SQRT('05_Thong_Ke_Mo_Ta'!E5) | D8: =s_Y / SQRT(n) | E8: Độ chính xác của ước lượng trung bình.
A9: Bậc tự do | B9: df | C9: ='05_Thong_Ke_Mo_Ta'!E5-1 | D9: =n - 1 | E9: 31 bậc tự do cho kiểm định một mẫu.
A10: Giá trị t tới hạn (α = 0.05, 2 phía) | B10: t_crit_2t | C10: =T.INV.2T(0.05, C9) | D10: =T.INV.2T(0.05, df) | E10: Phân vị chuẩn Student cho độ tin cậy 95% (t = 2.040).
A11: Biên sai số (Margin of Error) | B11: E | C11: =C10*C8 | D11: =t_crit * SE | E11: Bán kính khoảng tin cậy 95% (~0.315 điểm).
A12: 95% KTC — Cận dưới | B12: Lower_CI | C12: =C6-C11 | D12: =Ȳ - E | E12: Cận dưới khoảng tin cậy 95% của μ_Y (~7.073).
A13: 95% KTC — Cận trên | B13: Upper_CI | C13: =C6+C11 | D13: =Ȳ + E | E13: Cận trên khoảng tin cậy 95% của μ_Y (~7.702).
A14: Mốc kiểm định giả thuyết (H0: μ ≤ 7.0) | B14: μ0 | C14: 7 | D14: 7.0 | E14: Mốc điểm kiểm định theo yêu cầu đề bài.
A15: Thống kê kiểm định t | B15: t_stat | C15: =(C6-C14)/C8 | D15: =(Ȳ - μ0) / SE | E15: Thống kê t đo khoảng cách chuẩn hóa (t = 2.496).
A16: p-value một phía (Right-tailed) | B16: p_val_1t | C16: =1-T.DIST(C15, C9, TRUE) | D16: =1 - T.DIST(t, df, TRUE) | E16: p-value = 0.0091 < 0.05 -> Bác bỏ H0.
A17: Kết luận kiểm định Câu 10 | B17: Decision | C17: ="Bác bỏ H0 (p = " & TEXT(C16, "0.0000") & " < 0.05). Điểm cuối kỳ TB lớn hơn 7.0 có ý nghĩa thống kê." | E17: Có đủ bằng chứng thống kê khẳng định điểm cuối kỳ trung bình vượt 7.0.
A20: II. ƯỚC LƯỢNG VÀ KIỂM ĐỊNH CHO HỆ SỐ GÓC HỒI QUY β_1 (CÂU 11 & CÂU 12)
A21: Chỉ số | B21: Ký hiệu | C21: Giá trị tính toán | D21: Công thức Excel | E21: Diễn giải ý nghĩa học thuật
A22: Hệ số góc hồi quy OLS mẫu | B22: b1 | C22: ='06_Hoi_Quy_OLS'!C6 | D22: ='06_Hoi_Quy_OLS'!C6 | E22: Ước lượng độ dốc mẫu (~0.4999).
A23: Sai số chuẩn của hệ số góc | B23: SE(b1) | C23: ='06_Hoi_Quy_OLS'!C15 | D23: ='06_Hoi_Quy_OLS'!C15 | E23: SE = s / SQRT(Sxx) (~0.1602).
A24: Bậc tự do phần dư | B24: df_res | C24: ='06_Hoi_Quy_OLS'!C13 | D24: ='06_Hoi_Quy_OLS'!C13 | E24: df = n - 2 = 30.
A25: Giá trị t tới hạn (α = 0.05, 2 phía) | B25: t_crit_2t | C25: =T.INV.2T(0.05, C24) | D25: =T.INV.2T(0.05, df) | E25: Phân vị Student hai phía (t = 2.042).
A26: Biên sai số hệ số góc | B26: E_b1 | C26: =C25*C23 | D26: =t_crit * SE(b1) | E26: Bán kính KTC (~0.327).
A27: 95% KTC cho β_1 — Cận dưới | B27: Lower_CI | C27: =C22-C26 | D27: =b1 - E_b1 | E27: Cận dưới khoảng tin cậy 95% (~0.173).
A28: 95% KTC cho β_1 — Cận trên | B28: Upper_CI | C28: =C22+C26 | D28: =b1 + E_b1 | E28: Cận trên khoảng tin cậy 95% (~0.827).
A29: Kiểm tra khoảng chứa giá trị 0? | B29: Contains_0 | C29: =IF(AND(C27<=0, C28>=0), "CÓ", "KHÔNG") | D29: =IF(AND(Lower<=0, Upper>=0), "CÓ", "KHÔNG") | E29: Khoảng tin cậy hoàn toàn nằm bên dương (> 0).
A30: Thống kê kiểm định t (H0: β_1 = 0) | B30: t_stat | C30: =C22/C23 | D30: =b1 / SE(b1) | E30: t = 3.120.
A31: p-value hai phía (Two-tailed) | B31: p_val_2t | C31: =T.DIST.2T(ABS(C30), C24) | D31: =T.DIST.2T(ABS(t), df) | E31: p-value = 0.0039 < 0.05 -> Bác bỏ H0.
A32: Kết luận kiểm định Câu 12 | B32: Decision | C32: ="Bác bỏ H0 (p = " & TEXT(C31, "0.0000") & " < 0.05). Tồn tại mối quan hệ tuyến tính có ý nghĩa thống kê." | E32: Hoàn toàn nhất quán với việc 95% KTC không chứa 0.

Sheet 08_Du_Doan_Cau_1A
A1: DỰ ĐOÁN ĐIỂM CUỐI KỲ THEO ĐIỂM GIỮA KỲ VÀ KHOẢNG DỰ ĐOÁN (CÂU 1A)
A2: Phân biệt rõ Khoảng tin cậy cho Trung bình (Mean CI) và Khoảng dự đoán cho Cá nhân (Individual PI)
A4: Mốc Giữa kỳ (X) | B4: Điểm Cuối kỳ dự đoán (Ŷ) | C4: SE (Mean Response) | D4: 95% KTC Trung bình — Dưới | E4: 95% KTC Trung bình — Trên | F4: SE (Individual Pred) | G4: 95% Khoảng dự đoán — Dưới | H4: 95% Khoảng dự đoán — Trên | I4: Công thức Excel áp dụng
A5: 6 | B5: ='06_Hoi_Quy_OLS'!C7+'06_Hoi_Quy_OLS'!C6*A5 | C5: ='06_Hoi_Quy_OLS'!C14*SQRT(1/'05_Thong_Ke_Mo_Ta'!D5+(A5-'05_Thong_Ke_Mo_Ta'!D6)^2/'06_Hoi_Quy_OLS'!C9) | D5: =B5-'07_Khoang_Tin_Cay_Va_Kiem_Dinh'!C25*C5 | E5: =B5+'07_Khoang_Tin_Cay_Va_Kiem_Dinh'!C25*C5 | F5: ='06_Hoi_Quy_OLS'!C14*SQRT(1+1/'05_Thong_Ke_Mo_Ta'!D5+(A5-'05_Thong_Ke_Mo_Ta'!D6)^2/'06_Hoi_Quy_OLS'!C9) | G5: =B5-'07_Khoang_Tin_Cay_Va_Kiem_Dinh'!C25*F5 | H5: =B5+'07_Khoang_Tin_Cay_Va_Kiem_Dinh'!C25*F5 | I5: Ŷ = b0 + b1*X; SE_mean = s*sqrt(1/n + (X-X̄)²/Sxx); SE_pred = s*sqrt(1 + 1/n + (X-X̄)²/Sxx)
A6: 8 | B6: ='06_Hoi_Quy_OLS'!C7+'06_Hoi_Quy_OLS'!C6*A6 | C6: ='06_Hoi_Quy_OLS'!C14*SQRT(1/'05_Thong_Ke_Mo_Ta'!D5+(A6-'05_Thong_Ke_Mo_Ta'!D6)^2/'06_Hoi_Quy_OLS'!C9) | D6: =B6-'07_Khoang_Tin_Cay_Va_Kiem_Dinh'!C25*C6 | E6: =B6+'07_Khoang_Tin_Cay_Va_Kiem_Dinh'!C25*C6 | F6: ='06_Hoi_Quy_OLS'!C14*SQRT(1+1/'05_Thong_Ke_Mo_Ta'!D5+(A6-'05_Thong_Ke_Mo_Ta'!D6)^2/'06_Hoi_Quy_OLS'!C9) | G6: =B6-'07_Khoang_Tin_Cay_Va_Kiem_Dinh'!C25*F6 | H6: =B6+'07_Khoang_Tin_Cay_Va_Kiem_Dinh'!C25*F6 | I6: Ŷ = b0 + b1*X; SE_mean = s*sqrt(1/n + (X-X̄)²/Sxx); SE_pred = s*sqrt(1 + 1/n + (X-X̄)²/Sxx)
A8: CHÊNH LỆCH ĐIỂM DỰ ĐOÁN GIỮA SINH VIÊN ĐẠT 8 ĐIỂM VÀ 6 ĐIỂM GIỮA KỲ:
A9: ΔŶ = Ŷ(X=8) - Ŷ(X=6) = b1 * (8 - 6) | E9: =B6-B5
A11: LƯU Ý HỌC THUẬT VỀ MỐI QUAN HỆ NHÂN QUẢ (CAUSALITY CAVEAT):
A12: Mô hình hồi quy chỉ phản ánh mối tương quan thống kê quan sát được giữa điểm giữa kỳ và điểm cuối kỳ, KHÔNG chứng minh quan hệ nhân quả. Việc can thiệp nâng điểm giữa kỳ không tự động làm tăng điểm thi cuối kỳ nếu không có sự thay đổi thực chất trong nỗ lực và năng lực tiếp thu kiến thức của sinh viên.

Sheet 09_Nhat_Ky_Lam_Sach
A1: NHẬT KÝ THẨM ĐỊNH VÀ LÀM SẠCH DỮ LIỆU (CLEANING AUDIT LOG)
A2: Ghi lại chi tiết mọi trường hợp bị loại bỏ, lý do học thuật và quyết định xử lý
A4: STT Dòng gốc | B4: Mã ẩn danh | C4: Phân loại lỗi | D4: Chi tiết phát hiện | E4: Hành động xử lý | F4: Căn cứ quy chuẩn học thuật
A5: 8 | B5: DE200390 | C5: KHÔNG ĐỒNG Ý CHIA SẺ (NO_CONSENT) | D5: Người tham gia tích chọn 'Không đồng ý' chia sẻ dữ liệu nghiên cứu. | E5: Loại bỏ hoàn toàn khỏi mẫu phân tích chính thức | F5: Quy tắc đạo đức nghiên cứu học thuật: Tuyệt đối tôn trọng quyền bảo mật và từ chối của người tham gia.
A6: 23 | B6: MCP201 | C6: KHÔNG ĐỒNG Ý CHIA SẺ (NO_CONSENT) | D6: Người tham gia tích chọn 'Không đồng ý' chia sẻ dữ liệu nghiên cứu. | E6: Loại bỏ hoàn toàn khỏi mẫu phân tích chính thức | F6: Quy tắc đạo đức nghiên cứu học thuật: Tuyệt đối tôn trọng quyền bảo mật và từ chối của người tham gia.
A7: 35 | B7: de200125 | C7: TRÙNG LẶP SINH VIÊN (DUPLICATE_ID) | D7: Mã định danh đã tồn tại ở dòng 1 (nộp lại 2 lần). | E7: Loại bỏ bản ghi nộp sau, chỉ giữ bản ghi đầu tiên | F7: Giả định cơ bản của OLS: Các quan sát phải độc lập (i.i.d), không cho phép cùng một sinh viên xuất hiện 2 lần gây thiên lệch mẫu.
